State,ANNUAL,APR,AUG,DEC,FEB,JAN,JUL,JUN,MAR,MAY,NOV,OCT,SEP,Year
Andaman and Nicobar Islands,2762.6,43.4,301.1,285.5,0.0,18.9,348.4,471.0,21.5,229.6,302.6,306.2,434.4,2005
Andhra Pradesh,1119.0500000000002,28.8,110.1,37.2,8.649999999999999,2.6,141.6,68.45,7.75,57.7,96.15,334.0,226.05,2005
Arunachal Pradesh,2542.4,204.6,362.7,3.7,133.5,52.6,594.6,282.9,248.0,181.8,25.1,152.4,300.5,2005
Assam,2314.8,200.8,445.4,0.9,34.3,24.9,439.9,350.2,195.3,251.8,8.4,219.2,143.7,2005
Bihar,913.7,7.0,336.7,1.0,14.2,15.6,272.9,85.7,12.8,19.3,4.8,38.2,105.5,2005
Chandigarh,586.9,4.3,54.8,0.0,38.9,17.2,198.1,59.7,39.4,9.4,1.3,0.0,163.8,2005
Chhattisgarh,1305.1,9.4,261.5,0.2,24.2,53.7,351.5,197.9,5.9,29.8,0.5,100.7,269.8,2005
Dadra and Nagar Haveli,1385.4,0.0,246.2,0.0,0.0,0.0,384.5,402.4,0.0,0.1,0.0,1.1,351.1,2005
Daman and Diu,638.6,0.2,63.3,0.0,0.0,0.0,141.5,193.7,0.0,0.2,0.0,1.2,238.5,2005
Delhi,586.9,4.3,54.8,0.0,38.9,17.2,198.1,59.7,39.4,9.4,1.3,0.0,163.8,2005
Goa,3557.5,1.7,750.3,0.0,0.1,0.1,1316.9,724.7,0.0,1.5,0.0,53.9,708.3,2005
Gujarat,1012.0,0.1,154.75,0.0,0.0,0.0,263.0,298.04999999999995,0.0,0.15000000000000002,0.0,1.15,294.8,2005
Haryana,586.9,4.3,54.8,0.0,38.9,17.2,198.1,59.7,39.4,9.4,1.3,0.0,163.8,2005
Himachal Pradesh,996.4,14.3,88.9,0.0,127.9,67.3,365.6,52.8,89.1,34.3,0.1,1.3,154.8,2005
Jammu and Kashmir,1309.8,60.3,105.6,0.4,363.7,151.0,251.7,28.6,173.3,73.0,18.4,13.3,70.5,2005
Jharkhand,859.4,3.9,215.2,11.7,25.0,22.0,254.6,111.6,17.3,15.3,1.4,38.3,143.1,2005
Karnataka,1829.3000000000002,80.13333333333333,315.3333333333333,4.0,2.0333333333333337,6.133333333333333,559.2666666666668,353.5333333333333,3.966666666666667,59.70000000000001,32.23333333333333,178.4,234.5666666666667,2005
Kerala,3151.0,202.9,301.4,62.5,6.6,18.7,877.1,634.9,25.8,137.3,202.0,250.5,431.3,2005
Lakshadweep,1579.0,37.1,102.4,27.3,11.0,17.6,381.9,248.8,0.0,92.7,218.1,164.2,277.9,2005
Madhya Pradesh,1158.8000000000002,3.74,228.44,1.9,7.24,27.36,542.5,122.47999999999999,16.4,5.66,0.84,13.18,189.06,2005
Maharashtra,1074.5333333333333,6.766666666666667,196.53333333333333,0.7333333333333334,6.7,26.066666666666666,366.93333333333334,134.13333333333333,7.533333333333332,4.266666666666667,0.0,78.93333333333334,245.9333333333333,2005
Manipur,1612.4,82.8,266.7,10.3,23.7,4.2,256.4,167.1,162.9,218.6,9.3,170.1,240.3,2005
Meghalaya,2314.8,200.8,445.4,0.9,34.3,24.9,439.9,350.2,195.3,251.8,8.4,219.2,143.7,2005
Mizoram,1612.4,82.8,266.7,10.3,23.7,4.2,256.4,167.1,162.9,218.6,9.3,170.1,240.3,2005
Nagaland,1612.4,82.8,266.7,10.3,23.7,4.2,256.4,167.1,162.9,218.6,9.3,170.1,240.3,2005
Odisha,1549.7,23.1,199.0,7.5,4.9,31.3,414.0,204.8,27.0,44.7,13.3,220.1,360.0,2005
Puducherry,1314.0,126.4,80.6,153.3,11.8,3.2,72.4,27.2,28.7,77.9,347.8,270.6,114.1,2005
Punjab,603.5,6.6,86.5,0.0,61.8,45.0,200.3,47.5,35.2,9.1,0.3,0.4,110.8,2005
Rajasthan,510.27,7.359999999999999,66.27,0.0,6.0,0.9199999999999999,216.88,61.56999999999999,7.799999999999999,8.11,0.09,0.0,135.26999999999998,2005
Sikkim,2670.8,153.1,515.6,0.4,24.8,22.4,627.9,406.3,122.3,244.4,5.9,285.3,262.4,2005
Tamil Nadu,1314.0,126.4,80.6,153.3,11.8,3.2,72.4,27.2,28.7,77.9,347.8,270.6,114.1,2005
Telangana,1230.8,10.5,145.8,1.8,7.3,36.5,397.6,99.6,22.0,11.1,2.3,180.8,315.5,2005
Tripura,1612.4,82.8,266.7,10.3,23.7,4.2,256.4,167.1,162.9,218.6,9.3,170.1,240.3,2005
Uttar Pradesh,798.02,1.7,183.5,2.38,15.5,13.04,310.21999999999997,64.72,15.84,9.280000000000001,0.16000000000000003,11.02,170.66000000000003,2005
Uttarakhand,1469.3,3.9,250.6,2.1,82.3,34.9,541.6,94.2,32.2,19.1,2.9,18.3,387.2,2005
West Bengal,2128.1000000000004,106.1,377.25,2.95,19.1,25.049999999999997,485.0,291.4,101.1,162.55,4.15,314.15,239.29999999999998,2005
Rajasthan,606.84,0.37,284.65999999999997,0.46,0.0,0.06,160.89999999999998,64.41999999999999,9.51,12.409999999999998,0.03,2.69,71.33,2005
Andaman and Nicobar Islands,2447.9,172.0,219.7,74.7,14.1,16.4,187.3,367.4,48.6,342.5,76.5,378.4,550.3,2006
Andhra Pradesh,821.9000000000001,32.55,115.5,11.3,0.0,0.3,67.95,104.4,38.75,68.75,93.2,144.95,160.35,2006
Arunachal Pradesh,2108.0,195.8,228.3,22.9,131.7,4.8,417.5,350.9,33.8,201.0,123.4,88.8,309.1,2006
Assam,1777.4,163.0,190.6,8.4,45.2,0.6,335.5,399.3,16.3,272.9,19.5,82.4,243.7,2006
Bihar,1000.5,14.8,154.0,0.5,0.0,0.0,298.1,177.7,5.9,42.0,2.5,22.0,283.0,2006
Chandigarh,377.1,1.6,35.8,3.9,0.3,2.2,147.6,54.9,39.3,33.6,2.0,3.6,52.3,2006
Chhattisgarh,1231.5,41.1,438.6,0.1,0.0,0.0,383.5,74.8,37.2,46.5,18.0,14.1,177.6,2006
Dadra and Nagar Haveli,1458.0,0.0,614.7,0.0,0.0,0.0,575.9,120.7,0.4,0.0,1.1,7.7,137.5,2006
Daman and Diu,702.9,0.0,196.0,0.6,0.0,0.0,368.7,64.4,1.8,0.0,0.2,0.5,70.7,2006
Delhi,377.1,1.6,35.8,3.9,0.3,2.2,147.6,54.9,39.3,33.6,2.0,3.6,52.3,2006
Goa,3378.9,0.0,919.9,0.0,0.0,0.0,1065.5,612.8,2.9,184.9,7.3,196.2,389.4,2006
Gujarat,1080.45,0.0,405.35,0.3,0.0,0.0,472.29999999999995,92.55000000000001,1.1,0.0,0.65,4.1,104.1,2006
Haryana,377.1,1.6,35.8,3.9,0.3,2.2,147.6,54.9,39.3,33.6,2.0,3.6,52.3,2006
Himachal Pradesh,895.8,26.4,206.9,35.1,32.7,66.3,219.6,84.7,66.9,51.4,11.6,14.8,79.4,2006
Jammu and Kashmir,1477.3,58.6,207.1,131.4,90.1,225.7,189.8,77.7,125.9,44.9,73.6,46.7,205.8,2006
Jharkhand,1356.0,13.7,280.5,0.0,0.0,0.0,438.2,179.4,23.3,84.1,4.0,13.0,319.8,2006
Karnataka,1814.9666666666665,14.033333333333333,339.56666666666666,0.3666666666666667,0.0,0.2333333333333333,440.43333333333334,365.40000000000003,21.933333333333334,211.16666666666666,73.0,115.03333333333335,233.80000000000004,2006
Kerala,3297.7,73.0,396.4,1.9,0.6,9.0,569.4,577.1,80.1,521.2,213.0,374.8,481.2,2006
Lakshadweep,1695.4,0.3,150.7,10.8,0.0,23.1,172.6,286.5,44.0,411.3,158.7,119.2,318.2,2006
Madhya Pradesh,1060.8,9.32,390.14,0.16000000000000003,0.0,0.0,376.15999999999997,64.96000000000001,50.08,21.22,6.5600000000000005,5.42,136.78,2006
Maharashtra,1092.2,9.9,356.3,0.0,0.0,0.0,274.43333333333334,138.7,27.599999999999998,19.666666666666668,8.566666666666666,49.73333333333333,207.29999999999998,2006
Manipur,1561.6,124.5,178.8,2.7,12.8,0.4,273.6,341.0,3.6,317.6,11.6,75.4,219.6,2006
Meghalaya,1777.4,163.0,190.6,8.4,45.2,0.6,335.5,399.3,16.3,272.9,19.5,82.4,243.7,2006
Mizoram,1561.6,124.5,178.8,2.7,12.8,0.4,273.6,341.0,3.6,317.6,11.6,75.4,219.6,2006
Nagaland,1561.6,124.5,178.8,2.7,12.8,0.4,273.6,341.0,3.6,317.6,11.6,75.4,219.6,2006
Odisha,1810.0,31.7,645.0,0.0,0.0,0.3,468.8,177.0,37.8,111.0,31.9,28.0,278.5,2006
Puducherry,911.9,34.4,66.3,27.4,0.2,15.5,19.9,53.2,56.5,59.8,212.6,257.1,109.0,2006
Punjab,544.6,1.4,106.7,8.4,2.7,9.2,172.0,59.1,38.2,26.6,7.7,13.9,98.7,2006
Sikkim,2304.5,112.8,313.2,5.6,11.5,0.2,507.2,419.0,31.6,293.6,19.2,123.6,467.0,2006
Tamil Nadu,911.9,34.4,66.3,27.4,0.2,15.5,19.9,53.2,56.5,59.8,212.6,257.1,109.0,2006
Telangana,1044.6,47.6,290.8,0.0,0.0,0.0,146.5,103.6,47.2,49.5,38.7,31.6,289.1,2006
Tripura,1561.6,124.5,178.8,2.7,12.8,0.4,273.6,341.0,3.6,317.6,11.6,75.4,219.6,2006
Uttar Pradesh,667.06,7.64,127.04,1.3,0.0,0.16000000000000003,299.15999999999997,105.60000000000001,17.36,31.08,0.8200000000000001,11.14,65.75999999999999,2006
Uttarakhand,1264.8,16.0,349.9,22.1,0.9,13.3,417.3,111.7,58.8,166.9,0.9,7.7,99.3,2006
West Bengal,1945.9,80.95,313.29999999999995,2.8,5.75,0.1,487.04999999999995,305.45,20.35,211.9,14.5,84.75,419.0,2006
Andaman and Nicobar Islands,2656.7,55.5,431.0,54.2,1.6,4.8,404.8,380.2,13.5,359.7,225.2,239.7,486.5,2007
Andhra Pradesh,1014.0,15.15,169.6,30.2,5.3,0.0,99.0,244.75,0.5,41.349999999999994,27.049999999999997,179.5,201.6,2007
Arunachal Pradesh,2401.3,274.1,208.1,7.1,77.9,17.0,587.9,386.4,52.9,202.4,19.9,120.8,446.8,2007
Assam,2414.6,236.4,303.2,5.9,75.6,1.2,534.5,461.3,24.0,212.1,32.3,139.6,388.5,2007
Bihar,1466.2,10.4,371.7,0.2,16.4,0.0,504.4,129.6,18.7,37.9,0.2,39.4,337.3,2007
Chandigarh,479.9,1.9,94.1,2.1,87.9,1.8,73.2,96.3,49.3,22.1,0.3,0.0,50.9,2007
Chhattisgarh,1244.1,5.4,321.8,0.0,23.9,0.0,283.1,246.1,7.3,20.0,6.0,76.7,253.8,2007
Dadra and Nagar Haveli,1158.8,0.0,349.5,0.0,0.1,0.0,542.1,92.4,0.0,0.0,1.3,0.0,173.4,2007
Daman and Diu,892.1,0.3,421.4,0.0,1.6,0.0,205.3,111.9,0.1,0.0,0.9,0.0,150.6,2007
Delhi,479.9,1.9,94.1,2.1,87.9,1.8,73.2,96.3,49.3,22.1,0.3,0.0,50.9,2007
Goa,3401.1,1.5,1007.3,0.1,0.0,0.0,815.2,919.5,0.0,19.4,23.2,30.0,584.9,2007
Gujarat,1025.45,0.15,385.45,0.0,0.8500000000000001,0.0,373.70000000000005,102.15,0.05,0.0,1.1,0.0,162.0,2007
Haryana,479.9,1.9,94.1,2.1,87.9,1.8,73.2,96.3,49.3,22.1,0.3,0.0,50.9,2007
Himachal Pradesh,862.5,9.3,196.3,16.4,119.7,0.1,156.1,84.5,174.1,36.5,0.4,9.0,60.1,2007
Jammu and Kashmir,1037.9,12.9,202.3,47.8,121.7,10.3,127.3,134.8,279.6,66.0,1.1,0.5,33.6,2007
Jharkhand,1441.5,15.7,340.0,0.0,74.4,0.0,484.3,115.9,16.9,46.9,4.1,30.0,313.3,2007
Karnataka,1974.2333333333333,22.633333333333336,443.93333333333334,5.333333333333333,0.16666666666666666,0.0,425.3666666666666,496.73333333333335,1.1333333333333335,62.96666666666667,26.2,126.39999999999999,363.3666666666666,2007
Kerala,3619.5,143.4,502.5,13.4,5.6,0.4,996.1,737.4,8.0,202.7,93.7,366.1,550.2,2007
Lakshadweep,2037.9,16.9,267.2,126.4,4.7,9.8,298.3,555.6,0.0,147.3,52.1,213.6,346.0,2007
Madhya Pradesh,873.58,1.92,237.62,1.7200000000000002,29.659999999999997,0.04000000000000001,301.65999999999997,110.24,8.639999999999999,9.4,4.22,2.4599999999999995,166.0,2007
Maharashtra,894.2999999999998,4.033333333333333,217.9333333333333,0.0,0.43333333333333335,0.0,231.96666666666667,210.0666666666667,2.766666666666667,3.0666666666666664,6.433333333333334,10.4,207.19999999999996,2007
Manipur,2146.0,171.6,287.3,7.1,60.0,0.4,418.1,346.6,25.3,205.8,73.8,200.9,349.1,2007
Meghalaya,2414.6,236.4,303.2,5.9,75.6,1.2,534.5,461.3,24.0,212.1,32.3,139.6,388.5,2007
Mizoram,2146.0,171.6,287.3,7.1,60.0,0.4,418.1,346.6,25.3,205.8,73.8,200.9,349.1,2007
Nagaland,2146.0,171.6,287.3,7.1,60.0,0.4,418.1,346.6,25.3,205.8,73.8,200.9,349.1,2007
Odisha,1664.9,22.7,421.7,0.0,34.3,0.9,292.9,333.9,8.9,68.4,16.4,71.4,393.4,2007
Puducherry,968.8,55.2,131.7,216.2,5.7,5.4,74.7,55.8,0.9,43.6,81.6,222.2,75.8,2007
Punjab,494.3,6.3,131.9,7.2,71.4,0.9,87.4,80.6,57.4,7.7,2.7,0.3,40.5,2007
Rajasthan,472.11,1.3299999999999998,133.87,0.7899999999999999,18.799999999999997,0.21,185.45999999999998,51.03999999999999,10.64,2.32,0.0,0.0,67.65,2007
Sikkim,2641.3,144.9,426.2,1.8,90.8,0.6,701.4,468.5,37.6,221.2,7.5,76.8,464.0,2007
Tamil Nadu,968.8,55.2,131.7,216.2,5.7,5.4,74.7,55.8,0.9,43.6,81.6,222.2,75.8,2007
Telangana,902.6,13.3,212.8,0.0,2.7,0.0,135.8,170.9,0.1,16.0,15.5,54.2,281.3,2007
Tripura,2146.0,171.6,287.3,7.1,60.0,0.4,418.1,346.6,25.3,205.8,73.8,200.9,349.1,2007
Uttar Pradesh,752.36,2.04,189.95999999999998,1.22,55.78,0.3,248.23999999999998,80.86,29.58,20.9,0.0,6.180000000000001,117.30000000000001,2007
Uttarakhand,1894.4,18.2,576.0,8.7,131.5,4.9,501.7,216.3,104.5,51.2,0.0,10.9,270.5,2007
West Bengal,2297.25,90.55000000000001,378.04999999999995,0.9,73.8,1.9000000000000001,657.75,357.7,37.900000000000006,157.1,24.1,66.45,451.05,2007
Andaman and Nicobar Islands,3335.2,203.9,455.1,72.8,55.7,16.6,510.5,454.4,116.3,547.0,325.6,245.2,332.1,2008
Andhra Pradesh,926.0999999999999,4.8999999999999995,170.15,3.45,42.35,5.35,128.55,61.25,85.80000000000001,37.85,148.45,104.8,133.2,2008
Arunachal Pradesh,2470.4,113.0,586.8,12.3,33.4,72.9,523.1,494.4,118.5,177.5,13.6,119.7,205.2,2008
Assam,2271.2,165.6,501.1,1.5,13.9,28.8,446.5,399.9,116.0,207.6,1.8,131.3,257.2,2008
Bihar,1306.7,16.4,303.1,0.2,5.8,38.0,426.3,277.1,1.7,68.3,0.0,31.4,138.4,2008
Chandigarh,633.0,16.4,164.9,0.1,2.5,2.7,116.2,150.6,0.0,68.0,5.0,1.8,104.8,2008
Chhattisgarh,1144.0,9.9,320.9,0.0,9.6,5.6,306.3,234.2,33.9,9.5,0.6,10.5,203.0,2008
Dadra and Nagar Haveli,932.5,2.3,377.7,1.9,0.0,0.0,267.7,60.5,0.0,0.0,0.1,10.0,212.3,2008
Daman and Diu,572.4,0.7,109.6,7.4,0.2,0.1,144.9,77.0,0.0,0.0,0.6,4.9,227.0,2008
Delhi,633.0,16.4,164.9,0.1,2.5,2.7,116.2,150.6,0.0,68.0,5.0,1.8,104.8,2008
Goa,3051.6,1.1,889.9,4.5,0.0,0.0,789.2,754.7,16.5,12.5,0.4,47.8,535.0,2008
Gujarat,752.45,1.5,243.64999999999998,4.65,0.1,0.05,206.3,68.75,0.0,0.0,0.35,7.45,219.65,2008
Haryana,633.0,16.4,164.9,0.1,2.5,2.7,116.2,150.6,0.0,68.0,5.0,1.8,104.8,2008
Himachal Pradesh,1048.9,47.1,229.3,31.5,46.9,107.2,182.0,178.9,5.1,50.1,1.3,21.8,147.7,2008
Jammu and Kashmir,1087.2,96.8,166.9,94.8,133.2,105.5,169.1,143.2,8.8,59.9,22.0,41.9,45.1,2008
Jharkhand,1200.6,17.3,275.2,0.0,4.6,10.1,388.1,265.9,23.2,31.4,2.2,14.3,168.3,2008
Karnataka,1619.0,21.23333333333333,398.23333333333335,4.066666666666667,11.733333333333334,0.0,294.1333333333334,357.93333333333334,142.5666666666667,52.03333333333334,22.900000000000002,96.3,217.86666666666665,2008
Kerala,2534.2,103.7,347.8,16.1,29.7,0.8,508.7,478.0,216.0,78.6,56.8,354.1,343.9,2008
Lakshadweep,1726.4,15.7,206.5,130.1,19.9,5.5,364.0,254.5,120.4,180.4,67.5,253.0,108.9,2008
Madhya Pradesh,892.96,5.2,237.59999999999997,0.04000000000000001,3.0,1.1800000000000002,238.90000000000003,249.36,7.18,4.12,4.859999999999999,13.48,128.04000000000002,2008
Maharashtra,788.5333333333334,4.566666666666666,203.66666666666666,0.7666666666666666,1.0666666666666667,0.5,164.96666666666667,100.73333333333333,32.63333333333333,4.733333333333333,4.366666666666666,31.933333333333334,238.6,2008
Manipur,1481.7,32.0,299.7,3.2,10.1,30.7,254.8,280.9,42.2,147.1,3.4,155.7,221.9,2008
Meghalaya,2271.2,165.6,501.1,1.5,13.9,28.8,446.5,399.9,116.0,207.6,1.8,131.3,257.2,2008
Mizoram,1481.7,32.0,299.7,3.2,10.1,30.7,254.8,280.9,42.2,147.1,3.4,155.7,221.9,2008
Nagaland,1481.7,32.0,299.7,3.2,10.1,30.7,254.8,280.9,42.2,147.1,3.4,155.7,221.9,2008
Odisha,1600.4,34.4,391.6,0.0,14.9,33.0,319.3,340.1,24.9,44.8,3.7,26.2,367.5,2008
Puducherry,1195.7,30.9,132.3,49.5,32.8,13.2,76.9,45.8,175.8,55.1,273.2,240.8,69.4,2008
Punjab,708.7,31.8,247.0,1.8,6.6,14.7,96.4,203.3,0.0,40.5,0.1,9.5,57.0,2008
Rajasthan,531.88,7.1,162.23,1.99,0.06,0.12,137.42999999999998,114.74,0.3,13.45,0.9099999999999999,1.9899999999999998,91.56,2008
Sikkim,2618.8,140.3,645.5,5.6,8.4,27.2,639.1,550.9,67.8,161.3,12.2,94.3,266.2,2008
Tamil Nadu,1195.7,30.9,132.3,49.5,32.8,13.2,76.9,45.8,175.8,55.1,273.2,240.8,69.4,2008
Telangana,998.0,16.0,354.1,0.3,20.0,0.0,173.7,124.1,113.2,8.4,13.8,28.8,145.6,2008
Tripura,1481.7,32.0,299.7,3.2,10.1,30.7,254.8,280.9,42.2,147.1,3.4,155.7,221.9,2008
Uttar Pradesh,1009.3,5.5600000000000005,259.86,0.0,2.08,1.28,350.79999999999995,240.32,0.0,26.22,2.9600000000000004,11.200000000000001,109.02000000000001,2008
Uttarakhand,1298.5,31.6,364.0,3.3,10.2,15.4,408.5,220.7,5.5,44.8,8.1,28.6,157.8,2008
West Bengal,2099.7,93.55000000000001,451.05,2.8,10.350000000000001,40.05,489.20000000000005,488.95,40.0,127.85000000000001,6.1,82.3,267.5,2008
Andaman and Nicobar Islands,2614.5,138.4,385.4,81.8,6.2,15.2,302.5,620.0,37.8,317.0,70.7,275.6,363.9,2009
Andhra Pradesh,708.9,3.45,131.5,20.450000000000003,0.0,0.45,59.5,58.4,4.5,54.7,136.39999999999998,79.1,160.45,2009
Arunachal Pradesh,2163.3,171.9,418.6,9.4,72.3,26.8,485.3,383.5,65.5,165.9,36.5,102.7,224.9,2009
Assam,1863.0,129.9,457.2,2.8,10.9,3.9,394.2,295.7,41.0,216.6,11.8,129.1,169.9,2009
Bihar,993.7,1.7,319.1,1.5,1.1,1.5,232.8,66.3,2.5,155.8,4.7,73.9,132.8,2009
Chandigarh,350.4,13.0,56.2,0.2,7.1,4.1,78.7,14.6,6.3,9.4,2.4,0.9,157.5,2009
Chhattisgarh,859.7,1.3,237.1,0.1,0.0,1.3,431.5,43.5,0.0,10.3,27.6,22.9,84.1,2009
Dadra and Nagar Haveli,649.4,0.0,137.5,0.0,0.0,0.0,402.1,16.8,0.0,0.0,8.2,27.8,57.0,2009
Daman and Diu,616.9,0.0,103.5,0.0,0.0,0.0,430.2,69.0,0.0,0.0,1.3,2.8,10.1,2009
Delhi,350.4,13.0,56.2,0.2,7.1,4.1,78.7,14.6,6.3,9.4,2.4,0.9,157.5,2009
Goa,2738.3,0.1,297.4,0.0,0.0,0.0,1325.9,329.9,0.1,3.8,118.2,299.7,363.2,2009
Gujarat,633.15,0.0,120.5,0.0,0.0,0.0,416.15,42.9,0.0,0.0,4.75,15.3,33.55,2009
Haryana,350.4,13.0,56.2,0.2,7.1,4.1,78.7,14.6,6.3,9.4,2.4,0.9,157.5,2009
Himachal Pradesh,805.7,51.8,126.7,13.6,45.2,48.8,156.6,37.2,30.3,50.2,46.0,12.3,187.0,2009
Jammu and Kashmir,872.6,104.5,95.5,16.3,115.6,121.5,135.0,59.1,60.6,58.0,50.2,7.5,48.8,2009
Jharkhand,1061.1,0.9,275.3,2.0,0.0,9.2,218.2,93.9,9.6,67.7,11.0,121.5,251.8,2009
Karnataka,1984.1666666666667,18.366666666666664,273.1666666666667,24.599999999999998,0.0,0.0,695.9666666666667,226.79999999999998,21.133333333333333,89.63333333333333,87.43333333333334,195.39999999999998,351.6666666666667,2009
Kerala,2815.9,67.8,270.3,45.7,1.3,3.2,927.5,433.6,64.2,190.4,274.2,210.1,327.6,2009
Lakshadweep,1572.5,18.2,185.0,132.6,1.4,4.7,266.4,401.6,0.1,162.0,166.4,89.2,144.9,2009
Madhya Pradesh,865.1800000000001,2.0,175.98,11.2,0.18,9.959999999999999,330.21999999999997,42.16,1.28,5.34,68.1,61.239999999999995,157.51999999999998,2009
Maharashtra,803.2666666666668,1.0999999999999999,163.1,5.766666666666667,0.0,0.03333333333333333,256.6666666666667,68.0,4.533333333333333,13.833333333333334,86.66666666666667,66.2,137.36666666666667,2009
Manipur,1446.5,79.4,318.2,0.0,5.1,0.1,293.7,186.2,25.5,201.6,13.4,130.8,192.5,2009
Meghalaya,1863.0,129.9,457.2,2.8,10.9,3.9,394.2,295.7,41.0,216.6,11.8,129.1,169.9,2009
Mizoram,1446.5,79.4,318.2,0.0,5.1,0.1,293.7,186.2,25.5,201.6,13.4,130.8,192.5,2009
Nagaland,1446.5,79.4,318.2,0.0,5.1,0.1,293.7,186.2,25.5,201.6,13.4,130.8,192.5,2009
Odisha,1397.8,2.8,299.1,0.4,0.0,0.0,610.8,92.2,3.7,75.8,33.2,113.9,165.9,2009
Puducherry,934.4,35.4,96.1,105.7,0.0,7.5,58.5,33.7,30.4,64.4,314.1,62.2,126.4,2009
Punjab,403.8,21.3,82.4,0.0,17.1,10.4,166.7,10.2,10.7,4.4,6.1,2.7,71.8,2009
Rajasthan,372.40000000000003,0.38,102.70999999999998,0.5199999999999999,0.81,0.5199999999999999,171.89,32.61,2.38,2.8600000000000003,7.63,10.319999999999999,39.77,2009
Sikkim,2275.1,149.2,545.0,2.3,2.1,1.7,468.0,346.3,39.0,285.6,2.0,260.8,173.1,2009
Tamil Nadu,934.4,35.4,96.1,105.7,0.0,7.5,58.5,33.7,30.4,64.4,314.1,62.2,126.4,2009
Telangana,665.8,6.2,165.4,1.1,0.0,2.2,112.2,65.5,5.3,26.9,31.9,94.3,154.8,2009
Tripura,1446.5,79.4,318.2,0.0,5.1,0.1,293.7,186.2,25.5,201.6,13.4,130.8,192.5,2009
Uttar Pradesh,647.62,3.8800000000000003,199.51999999999998,3.96,2.54,1.3800000000000001,155.16,26.779999999999998,2.06,28.48,10.04,79.3,134.51999999999998,2009
Uttarakhand,1076.0,21.6,313.5,2.2,23.1,3.5,320.4,68.3,2.3,30.3,7.7,87.2,195.9,2009
West Bengal,1798.8,75.6,437.3,1.2,1.55,2.05,373.35,207.95,29.8,257.4,7.6,171.60000000000002,233.39999999999998,2009
Andaman and Nicobar Islands,3147.2,12.7,550.0,254.4,5.8,98.2,522.1,435.0,0.4,310.7,281.4,415.2,261.3,2010
Andhra Pradesh,1266.0,19.6,200.60000000000002,78.2,1.3,12.05,213.75,116.5,1.7999999999999998,128.55,202.0,144.4,147.25,2010
Arunachal Pradesh,2397.7,245.8,343.3,6.0,10.0,0.4,426.0,397.3,143.6,273.8,59.7,84.4,407.4,2010
Assam,2498.7,397.4,346.2,7.0,3.4,0.2,374.3,485.8,105.1,349.4,10.3,103.4,316.2,2010
Bihar,941.9,3.4,228.7,0.4,1.9,0.2,277.2,114.7,0.2,84.7,1.9,53.4,175.2,2010
Chandigarh,598.1,0.2,183.5,10.0,10.5,4.8,176.4,19.9,0.6,2.4,2.5,1.6,185.7,2010
Chhattisgarh,1147.8,4.7,303.8,23.7,2.8,5.3,397.3,89.6,1.9,5.7,13.4,55.6,244.0,2010
Dadra and Nagar Haveli,1059.8,0.0,386.4,0.3,0.0,0.1,342.8,61.1,0.0,0.0,39.9,8.3,220.9,2010
Daman and Diu,1073.9,0.0,340.8,0.0,0.0,0.2,408.0,72.6,0.0,0.1,62.2,5.5,184.5,2010
Delhi,598.1,0.2,183.5,10.0,10.5,4.8,176.4,19.9,0.6,2.4,2.5,1.6,185.7,2010
Goa,3749.4,2.8,838.1,1.5,0.0,1.1,1405.5,671.8,0.4,8.7,109.2,188.3,522.0,2010
Gujarat,1066.85,0.0,363.6,0.15,0.0,0.15000000000000002,375.4,66.85,0.0,0.05,51.05,6.9,202.7,2010
Haryana,598.1,0.2,183.5,10.0,10.5,4.8,176.4,19.9,0.6,2.4,2.5,1.6,185.7,2010
Himachal Pradesh,1227.9,47.2,284.3,57.4,85.6,18.2,269.8,125.8,31.8,79.4,9.1,24.1,195.2,2010
Jammu and Kashmir,1257.6,86.3,256.5,52.2,154.1,33.6,231.5,91.9,41.0,167.6,12.3,36.8,93.8,2010
Jharkhand,803.7,12.9,182.9,34.5,2.1,0.8,181.4,108.3,2.7,38.6,4.5,59.5,175.5,2010
Karnataka,2057.8333333333335,53.333333333333336,371.59999999999997,5.933333333333333,1.1666666666666667,9.933333333333332,564.3333333333334,333.03333333333336,3.0666666666666664,91.73333333333335,169.5,188.66666666666666,265.53333333333336,2010
Kerala,3142.0,140.3,358.3,47.9,1.0,18.4,630.0,669.1,31.9,189.8,339.0,442.5,273.8,2010
Lakshadweep,1725.4,35.7,333.4,81.5,0.0,18.8,338.4,320.2,1.2,79.1,201.4,152.8,162.9,2010
Madhya Pradesh,906.94,0.18,287.14,1.7200000000000002,6.92,1.92,323.1,59.48,0.8799999999999999,2.0599999999999996,25.56,14.879999999999999,183.1,2010
Maharashtra,1133.6333333333334,1.8666666666666665,304.8666666666666,1.7,7.6000000000000005,10.166666666666666,346.8666666666666,149.20000000000002,7.8999999999999995,2.6999999999999997,51.96666666666666,63.76666666666667,185.03333333333333,2010
Manipur,2027.2,170.4,326.0,28.4,10.9,0.9,272.6,402.9,59.4,312.1,5.0,202.7,235.9,2010
Meghalaya,2498.7,397.4,346.2,7.0,3.4,0.2,374.3,485.8,105.1,349.4,10.3,103.4,316.2,2010
Mizoram,2027.2,170.4,326.0,28.4,10.9,0.9,272.6,402.9,59.4,312.1,5.0,202.7,235.9,2010
Nagaland,2027.2,170.4,326.0,28.4,10.9,0.9,272.6,402.9,59.4,312.1,5.0,202.7,235.9,2010
Odisha,1332.3,9.6,286.8,40.0,2.4,9.9,315.4,154.0,6.0,91.9,38.0,142.6,235.7,2010
Puducherry,1122.2,21.4,107.8,127.2,0.1,11.4,80.2,71.0,2.1,100.7,326.5,153.6,120.2,2010
Punjab,501.1,0.3,121.3,16.6,12.3,2.7,208.6,34.5,0.5,3.5,0.4,5.8,94.6,2010
Rajasthan,660.8699999999999,0.36,247.38,2.9899999999999998,1.3699999999999999,1.52,180.17,34.19,0.15999999999999998,0.75,59.8,0.39,131.79,2010
Sikkim,2849.3,166.8,551.4,2.5,6.4,1.7,667.9,568.1,34.9,332.2,27.4,90.8,399.2,2010
Tamil Nadu,1122.2,21.4,107.8,127.2,0.1,11.4,80.2,71.0,2.1,100.7,326.5,153.6,120.2,2010
Telangana,1248.9,10.9,278.9,17.7,7.2,11.2,389.5,102.3,0.9,40.6,45.7,101.7,242.3,2010
Tripura,2027.2,170.4,326.0,28.4,10.9,0.9,272.6,402.9,59.4,312.1,5.0,202.7,235.9,2010
Uttar Pradesh,782.5799999999999,0.18,239.73999999999998,1.48,13.06,2.9400000000000004,250.66,22.6,0.16000000000000003,14.28,8.98,11.120000000000001,217.38,2010
Uttarakhand,1864.3,12.9,515.7,21.8,53.1,8.7,538.8,109.2,4.3,60.4,5.1,12.0,522.3,2010
West Bengal,1966.8500000000001,90.2,369.5,17.05,10.25,2.05,430.85,384.15,20.65,227.95,16.599999999999998,95.1,302.5,2010
Rajasthan,722.38,1.35,267.33,0.0,12.94,0.0,165.79999999999998,113.88,0.77,6.39,0.0,0.03,153.89,2010
Andaman and Nicobar Islands,3833.5,83.7,513.0,246.3,81.9,222.5,575.8,418.4,305.5,305.7,126.0,183.8,770.9,2011
Andhra Pradesh,739.15,39.599999999999994,181.5,16.7,13.75,1.0,138.6,63.7,0.4,47.85,65.8,96.65,73.6,2011
Arunachal Pradesh,1923.4,114.7,225.8,10.3,36.8,37.6,553.5,336.8,121.5,157.8,19.8,46.8,262.0,2011
Assam,1758.3,77.3,320.0,2.4,11.5,9.0,399.6,323.7,114.8,235.1,14.8,36.8,213.3,2011
Bihar,1217.3,30.3,299.3,0.1,6.1,2.6,258.8,232.8,8.4,101.0,2.9,7.3,267.7,2011
Chandigarh,433.0,5.3,112.3,0.2,20.8,0.6,77.1,73.7,3.9,23.0,0.0,0.0,116.1,2011
Chhattisgarh,1313.0,42.5,374.2,3.6,14.2,0.1,271.4,193.2,1.8,16.6,0.0,13.7,381.7,2011
Dadra and Nagar Haveli,903.9,0.0,456.4,0.0,0.2,0.0,271.5,15.9,0.0,0.0,0.0,2.4,157.5,2011
Daman and Diu,725.0,0.0,284.6,0.0,1.9,0.0,201.2,24.3,0.0,0.0,0.1,3.3,209.6,2011
Delhi,433.0,5.3,112.3,0.2,20.8,0.6,77.1,73.7,3.9,23.0,0.0,0.0,116.1,2011
Goa,3842.4,4.4,968.8,0.0,0.0,0.0,1436.9,837.1,0.0,0.7,11.6,109.5,473.4,2011
Gujarat,814.45,0.0,370.5,0.0,1.05,0.0,236.35,20.1,0.0,0.0,0.05,2.8499999999999996,183.55,2011
Haryana,433.0,5.3,112.3,0.2,20.8,0.6,77.1,73.7,3.9,23.0,0.0,0.0,116.1,2011
Himachal Pradesh,1051.8,59.5,321.5,9.6,98.5,35.1,164.9,141.6,61.0,47.1,0.6,7.6,104.8,2011
Jammu and Kashmir,1122.1,121.9,188.6,31.3,188.9,39.9,123.2,100.4,130.0,47.8,15.5,26.2,108.4,2011
Jharkhand,1274.8,24.9,387.0,0.1,1.1,5.3,161.6,329.4,10.8,46.3,0.0,25.7,282.6,2011
Karnataka,1935.6999999999998,65.76666666666667,428.8666666666666,0.7666666666666667,4.333333333333333,0.10000000000000002,495.06666666666666,441.8666666666666,3.0666666666666664,61.36666666666667,48.166666666666664,133.26666666666665,253.06666666666663,2011
Kerala,3041.6,165.2,495.3,50.0,46.1,20.6,538.4,790.5,25.3,121.6,165.8,230.9,391.9,2011
Lakshadweep,1531.4,86.0,254.9,14.9,2.8,5.1,350.5,153.6,3.2,107.2,180.8,117.4,255.0,2011
Madhya Pradesh,1157.34,5.7,325.74,0.0,1.8,0.06,314.58,279.22,0.8200000000000001,5.34,0.0,1.0,223.07999999999998,2011
Maharashtra,829.0333333333333,16.166666666666668,263.3,0.03333333333333333,5.333333333333333,0.0,246.0666666666667,114.89999999999999,1.0,13.066666666666668,0.0,29.53333333333333,139.63333333333333,2011
Manipur,1655.0,58.3,275.8,0.0,4.2,7.9,262.7,343.7,50.2,360.1,0.0,79.8,212.3,2011
Meghalaya,1758.3,77.3,320.0,2.4,11.5,9.0,399.6,323.7,114.8,235.1,14.8,36.8,213.3,2011
Mizoram,1655.0,58.3,275.8,0.0,4.2,7.9,262.7,343.7,50.2,360.1,0.0,79.8,212.3,2011
Nagaland,1655.0,58.3,275.8,0.0,4.2,7.9,262.7,343.7,50.2,360.1,0.0,79.8,212.3,2011
Odisha,1300.2,62.8,336.9,0.9,20.7,0.3,203.0,215.3,4.4,80.3,0.0,23.3,352.3,2011
Puducherry,1013.8,94.8,114.1,63.9,27.8,7.5,63.8,35.2,8.7,39.3,252.4,220.5,85.8,2011
Punjab,533.6,12.2,161.3,3.4,33.0,3.6,85.0,98.8,6.7,14.5,0.2,0.6,114.3,2011
Sikkim,2360.0,129.2,457.8,3.6,19.3,7.1,602.5,433.0,48.6,219.6,21.1,40.1,378.1,2011
Tamil Nadu,1013.8,94.8,114.1,63.9,27.8,7.5,63.8,35.2,8.7,39.3,252.4,220.5,85.8,2011
Telangana,739.6,33.1,230.3,0.0,9.7,0.0,261.6,80.5,2.3,20.3,1.7,15.7,84.4,2011
Tripura,1655.0,58.3,275.8,0.0,4.2,7.9,262.7,343.7,50.2,360.1,0.0,79.8,212.3,2011
Uttar Pradesh,835.3399999999999,4.1,246.1,0.0,11.16,1.34,221.86,170.33999999999997,4.68,30.92,0.0,0.66,144.18,2011
Uttarakhand,1708.2,35.0,564.2,2.3,73.3,26.2,455.4,262.9,20.0,89.0,2.1,6.0,171.8,2011
West Bengal,2015.85,109.55,451.65,1.8,11.05,4.85,414.2,430.8,44.75,167.0,11.0,34.35,334.85,2011
Andaman and Nicobar Islands,3516.0,58.5,380.0,185.3,45.7,124.0,325.4,463.0,29.6,538.1,272.1,207.9,886.4,2012
Andhra Pradesh,924.25,34.75,154.8,33.85,0.5,18.700000000000003,157.2,57.95,2.5,36.55,158.8,132.4,136.25,2012
Arunachal Pradesh,2761.1,288.8,298.9,33.8,44.2,45.8,499.2,525.8,131.4,182.0,15.6,173.5,522.1,2012
Assam,2321.3,209.6,265.0,3.1,5.7,8.3,472.6,651.0,19.4,158.6,11.0,167.2,349.8,2012
Bihar,924.1,23.3,203.2,0.0,2.8,15.2,297.8,89.3,6.5,17.5,5.1,40.7,222.7,2012
Chandigarh,313.6,13.6,163.5,3.9,0.1,4.6,57.9,4.4,0.3,3.6,0.6,4.0,57.1,2012
Chhattisgarh,1366.8,18.3,424.8,3.9,2.1,45.7,405.7,135.9,0.4,6.9,30.0,31.9,261.2,2012
Dadra and Nagar Haveli,652.0,0.1,205.4,0.0,0.0,0.1,162.1,32.4,0.0,0.0,0.0,4.6,247.3,2012
Daman and Diu,315.3,0.2,31.7,1.0,0.0,0.0,33.9,22.9,0.0,0.1,0.0,2.6,222.9,2012
Delhi,313.6,13.6,163.5,3.9,0.1,4.6,57.9,4.4,0.3,3.6,0.6,4.0,57.1,2012
Goa,2993.9,0.6,757.2,0.0,0.0,0.0,932.6,609.6,0.0,0.2,1.7,173.8,518.2,2012
Gujarat,483.65,0.15000000000000002,118.55,0.5,0.0,0.05,98.0,27.65,0.0,0.05,0.0,3.5999999999999996,235.10000000000002,2012
Haryana,313.6,13.6,163.5,3.9,0.1,4.6,57.9,4.4,0.3,3.6,0.6,4.0,57.1,2012
Himachal Pradesh,1035.0,64.1,311.6,31.8,66.4,112.1,207.1,25.5,43.2,11.5,6.7,2.9,152.1,2012
Jammu and Kashmir,1116.7,112.5,256.4,67.5,116.7,120.2,121.0,42.9,53.3,60.1,12.7,14.9,138.5,2012
Jharkhand,1102.0,15.1,285.8,10.2,11.6,32.6,305.1,128.0,1.9,11.2,53.8,27.1,219.6,2012
Karnataka,1585.4666666666665,76.33333333333333,475.7,2.3666666666666667,0.13333333333333333,0.10000000000000002,339.26666666666665,301.3,0.5666666666666668,27.333333333333332,72.46666666666667,98.7,191.20000000000002,2012
Kerala,2187.6,197.5,502.6,9.7,9.1,7.4,360.6,444.6,29.6,83.8,113.4,189.3,240.0,2012
Lakshadweep,1433.2,76.8,408.8,8.7,0.1,19.2,231.6,327.0,1.7,21.0,12.5,146.1,179.7,2012
Madhya Pradesh,1063.1,1.2999999999999998,371.4,2.4599999999999995,0.9400000000000001,31.959999999999997,401.76,54.42,0.6,2.7,4.68,6.78,184.1,2012
Maharashtra,764.2000000000002,5.8,194.4,0.0,0.3333333333333333,3.233333333333334,234.66666666666666,84.93333333333332,0.0,6.2,5.0,65.10000000000001,164.53333333333333,2012
Manipur,1669.2,196.4,260.9,0.1,3.0,6.0,249.1,384.6,32.8,124.6,41.3,142.4,228.0,2012
Meghalaya,2321.3,209.6,265.0,3.1,5.7,8.3,472.6,651.0,19.4,158.6,11.0,167.2,349.8,2012
Mizoram,1669.2,196.4,260.9,0.1,3.0,6.0,249.1,384.6,32.8,124.6,41.3,142.4,228.0,2012
Nagaland,1669.2,196.4,260.9,0.1,3.0,6.0,249.1,384.6,32.8,124.6,41.3,142.4,228.0,2012
Odisha,1430.2,51.3,411.5,3.6,6.5,55.4,320.3,165.0,0.6,23.5,76.1,69.2,247.2,2012
Puducherry,708.0,38.6,86.6,32.7,2.1,7.1,58.6,22.6,4.4,44.5,78.2,256.8,75.8,2012
Punjab,338.9,20.2,105.1,8.2,2.9,35.8,67.7,9.6,1.9,0.8,0.4,2.8,83.5,2012
Rajasthan,582.55,5.49,302.64,0.44999999999999996,0.0,1.42,130.44,12.29,0.0,12.35,0.0,0.69,116.78,2012
Sikkim,2630.3,156.1,334.3,3.0,9.4,20.5,672.0,609.4,35.7,168.7,6.1,139.4,475.7,2012
Tamil Nadu,708.0,38.6,86.6,32.7,2.1,7.1,58.6,22.6,4.4,44.5,78.2,256.8,75.8,2012
Telangana,972.7,18.3,224.0,0.0,0.0,8.1,263.9,116.5,0.3,13.7,61.3,83.8,182.8,2012
Tripura,1669.2,196.4,260.9,0.1,3.0,6.0,249.1,384.6,32.8,124.6,41.3,142.4,228.0,2012
Uttar Pradesh,745.24,5.359999999999999,233.92000000000002,1.6600000000000001,6.8,27.02,270.1,18.259999999999998,4.24,0.46,0.22,1.08,176.12,2012
Uttarakhand,1309.8,46.6,461.2,19.2,13.4,53.4,389.8,48.0,30.8,10.7,4.6,8.8,223.3,2012
West Bengal,1944.25,108.35,292.6,13.15,12.100000000000001,29.85,490.55,374.7,20.0,108.75,26.35,101.75,366.1,2012
Andaman and Nicobar Islands,2855.4,46.3,336.7,92.3,37.6,67.1,564.8,777.0,43.0,509.3,354.2,455.8,473.6,2013
Andhra Pradesh,569.25,30.35,108.65,2.85,29.85,0.95,120.35,83.1,5.85,29.950000000000003,45.05,262.35,160.2,2013
Arunachal Pradesh,1850.9,175.1,230.2,14.6,40.5,18.5,329.6,290.0,115.1,335.8,13.3,164.1,316.1,2013
Assam,1682.6,112.1,291.2,2.0,9.5,1.1,366.4,285.6,44.4,347.0,1.1,125.9,225.3,2013
Bihar,872.3,32.3,213.6,0.0,22.6,5.1,182.0,183.3,0.6,89.5,0.4,197.1,143.3,2013
Chandigarh,446.5,3.3,161.8,2.1,52.1,21.1,96.8,61.9,5.3,1.4,1.7,11.0,42.8,2013
Chhattisgarh,1243.4,45.5,335.8,0.1,19.4,2.9,425.4,265.6,4.8,5.7,0.3,174.6,138.3,2013
Dadra and Nagar Haveli,1190.6,5.6,238.1,0.0,1.1,0.0,454.2,168.2,0.1,0.0,0.1,59.9,323.3,2013
Daman and Diu,789.2,9.6,100.4,0.0,0.2,1.9,208.9,159.1,0.1,0.1,0.0,34.7,308.9,2013
Delhi,446.5,3.3,161.8,2.1,52.1,21.1,96.8,61.9,5.3,1.4,1.7,11.0,42.8,2013
Goa,3525.3,0.1,517.2,1.3,4.7,0.0,1555.1,1073.0,0.0,22.1,2.5,155.8,353.1,2013
Gujarat,989.9,7.6,169.25,0.0,0.65,0.95,331.55,163.64999999999998,0.1,0.05,0.05,47.3,316.1,2013
Haryana,446.5,3.3,161.8,2.1,52.1,21.1,96.8,61.9,5.3,1.4,1.7,11.0,42.8,2013
Himachal Pradesh,1155.4,25.0,245.9,25.4,174.2,75.6,219.7,240.7,75.1,31.3,15.8,20.5,67.9,2013
Jammu and Kashmir,1098.3,66.5,306.2,28.4,185.4,71.6,175.3,112.7,58.6,64.3,18.8,48.2,57.7,2013
Jharkhand,972.4,22.3,278.1,0.0,17.9,1.1,211.1,181.5,1.6,85.0,0.0,281.1,173.8,2013
Karnataka,1786.8333333333337,27.399999999999995,297.8666666666666,2.5999999999999996,10.666666666666666,1.7333333333333334,668.1666666666666,440.03333333333336,8.233333333333333,78.3,22.5,147.63333333333333,254.4333333333333,2013
Kerala,2823.7,49.3,369.7,17.0,40.1,3.9,830.2,1042.7,49.9,119.3,154.9,259.9,318.6,2013
Lakshadweep,1248.7,5.3,154.4,26.7,34.4,26.2,296.4,426.2,37.5,88.3,78.1,72.8,180.0,2013
Madhya Pradesh,1367.6399999999999,6.82,461.52000000000004,1.56,38.480000000000004,1.88,467.76,292.62,11.86,0.34,0.42,102.0,86.36,2013
Maharashtra,1019.7333333333332,5.466666666666668,203.33333333333334,4.8,9.233333333333333,2.733333333333333,380.23333333333335,246.66666666666666,2.4,4.3,3.8000000000000003,95.2,165.36666666666665,2013
Manipur,1430.0,60.3,291.3,1.2,5.7,0.2,255.9,206.6,19.7,348.9,0.3,125.6,241.4,2013
Meghalaya,1682.6,112.1,291.2,2.0,9.5,1.1,366.4,285.6,44.4,347.0,1.1,125.9,225.3,2013
Mizoram,1430.0,60.3,291.3,1.2,5.7,0.2,255.9,206.6,19.7,348.9,0.3,125.6,241.4,2013
Nagaland,1430.0,60.3,291.3,1.2,5.7,0.2,255.9,206.6,19.7,348.9,0.3,125.6,241.4,2013
Odisha,1240.1,53.6,254.9,0.0,7.8,3.3,380.0,272.6,2.1,57.7,1.2,390.9,208.1,2013
Puducherry,448.6,20.3,110.7,53.2,30.9,3.9,42.7,54.6,30.0,42.0,112.3,127.9,113.5,2013
Punjab,557.7,3.4,217.1,6.6,50.1,9.3,117.9,120.3,11.6,3.6,6.1,16.2,24.4,2013
Rajasthan,675.41,3.17,236.33999999999997,0.21,21.729999999999997,3.5599999999999996,254.16,74.56,1.54,1.21,1.21,24.38,79.14,2013
Sikkim,2187.5,114.7,416.3,2.7,23.6,3.0,588.4,404.9,32.1,296.5,16.1,199.8,308.0,2013
Tamil Nadu,448.6,20.3,110.7,53.2,30.9,3.9,42.7,54.6,30.0,42.0,112.3,127.9,113.5,2013
Telangana,1021.0,25.1,212.3,1.1,30.2,3.9,386.2,185.6,0.1,12.5,17.3,232.6,165.1,2013
Tripura,1430.0,60.3,291.3,1.2,5.7,0.2,255.9,206.6,19.7,348.9,0.3,125.6,241.4,2013
Uttar Pradesh,907.98,5.82,260.82000000000005,4.26,63.26,12.100000000000001,232.4,261.66,3.0600000000000005,1.5,0.98,82.32,67.36,2013
Uttarakhand,1699.2,24.7,359.4,3.8,188.3,73.0,413.4,488.9,22.0,18.2,3.2,29.1,111.3,2013
West Bengal,1816.95,81.55,407.55,1.35,17.05,2.7,427.25,326.4,19.35,253.6,8.05,279.05,281.5,2013
Andaman and Nicobar Islands,2622.4,11.1,321.6,100.4,8.6,41.9,467.6,416.6,0.0,238.0,201.2,402.6,412.9,2014
Andhra Pradesh,650.4,7.95,125.25,12.9,0.85,0.39999999999999997,102.75,50.35,10.2,68.5,39.0,131.35000000000002,100.9,2014
Arunachal Pradesh,2403.2,86.7,599.6,10.2,101.9,19.0,392.4,415.8,80.3,299.0,20.1,35.1,343.0,2014
Assam,2171.9,51.1,474.1,0.4,28.1,2.0,370.3,414.9,29.5,342.0,3.1,34.7,421.7,2014
Bihar,1061.0,0.7,307.6,1.2,33.5,17.0,265.4,115.2,8.4,103.9,0.0,47.8,160.3,2014
Chandigarh,305.6,7.5,34.9,9.6,17.3,13.0,72.4,25.9,26.7,20.3,0.2,10.5,67.2,2014
Chhattisgarh,1274.7,16.2,327.6,0.6,27.9,2.1,422.4,102.7,19.2,25.5,2.7,74.6,253.3,2014
Dadra and Nagar Haveli,792.2,1.0,154.5,0.0,0.2,7.5,341.8,12.2,0.2,1.3,1.5,3.5,268.6,2014
Daman and Diu,467.8,0.5,147.7,0.0,0.0,0.3,166.2,22.6,0.1,2.4,3.3,6.5,118.2,2014
Delhi,305.6,7.5,34.9,9.6,17.3,13.0,72.4,25.9,26.7,20.3,0.2,10.5,67.2,2014
Goa,2913.2,0.5,702.6,12.0,1.0,0.1,1354.7,258.9,0.3,26.9,8.2,111.4,436.7,2014
Gujarat,630.0,0.75,151.1,0.0,0.1,3.9,254.0,17.4,0.15000000000000002,1.85,2.4,5.0,193.4,2014
Haryana,305.6,7.5,34.9,9.6,17.3,13.0,72.4,25.9,26.7,20.3,0.2,10.5,67.2,2014
Himachal Pradesh,1019.9,55.8,167.8,51.2,118.6,66.3,214.4,54.4,118.4,64.7,3.7,18.1,86.5,2014
Jammu and Kashmir,1278.4,106.7,134.6,3.2,89.6,105.4,100.5,35.5,214.5,73.9,19.7,32.2,362.8,2014
Jharkhand,1156.6,1.9,290.9,1.2,47.5,9.9,321.3,139.7,22.9,98.2,0.0,44.9,178.2,2014
Karnataka,1834.9333333333332,34.9,521.9,20.2,2.8666666666666667,0.13333333333333333,525.5,216.63333333333333,16.5,126.76666666666667,25.96666666666667,142.9,200.63333333333333,2014
Kerala,3046.4,95.7,733.9,47.2,10.3,4.6,677.8,454.4,17.9,251.0,99.5,355.5,298.8,2014
Lakshadweep,1395.0,14.9,466.1,62.3,16.1,53.2,116.1,244.1,4.4,57.4,59.0,169.2,132.2,2014
Madhya Pradesh,900.4200000000001,3.6199999999999997,223.48000000000002,14.06,43.58,29.500000000000004,305.0,67.32,12.52,2.06,2.34,36.63999999999999,160.8,2014
Maharashtra,768.7000000000002,7.333333333333333,203.63333333333335,6.233333333333333,12.633333333333335,1.9000000000000001,240.16666666666666,45.9,51.0,13.6,19.633333333333333,23.333333333333332,143.26666666666668,2014
Manipur,1599.9,49.6,372.3,0.1,21.0,1.2,295.7,268.3,25.4,192.5,3.3,69.6,300.9,2014
Meghalaya,2171.9,51.1,474.1,0.4,28.1,2.0,370.3,414.9,29.5,342.0,3.1,34.7,421.7,2014
Mizoram,1599.9,49.6,372.3,0.1,21.0,1.2,295.7,268.3,25.4,192.5,3.3,69.6,300.9,2014
Nagaland,1599.9,49.6,372.3,0.1,21.0,1.2,295.7,268.3,25.4,192.5,3.3,69.6,300.9,2014
Odisha,1536.9,11.7,386.3,0.9,17.6,0.0,496.2,92.2,25.1,111.9,2.2,111.8,281.1,2014
Puducherry,913.2,8.3,117.7,66.0,6.1,7.4,50.6,47.8,8.1,139.1,110.8,252.2,98.9,2014
Punjab,382.7,24.5,41.9,14.1,20.1,21.8,76.3,20.6,30.3,20.8,0.7,6.0,105.8,2014
Rajasthan,568.8199999999999,7.629999999999999,203.57999999999998,0.77,7.66,20.049999999999997,166.11999999999998,20.66,5.96,12.78,0.06,2.3899999999999997,121.15999999999998,2014
Sikkim,2322.6,47.9,563.3,2.4,26.6,0.2,384.6,543.2,37.7,308.6,5.3,31.2,371.5,2014
Tamil Nadu,913.2,8.3,117.7,66.0,6.1,7.4,50.6,47.8,8.1,139.1,110.8,252.2,98.9,2014
Telangana,685.6,10.0,173.4,1.5,1.9,0.1,142.9,55.4,47.7,70.5,12.0,43.3,126.8,2014
Tripura,1599.9,49.6,372.3,0.1,21.0,1.2,295.7,268.3,25.4,192.5,3.3,69.6,300.9,2014
Uttar Pradesh,615.64,3.18,115.02000000000001,11.34,27.28,47.86,195.94,37.4,18.54,10.86,0.0,50.660000000000004,97.56,2014
Uttarakhand,1287.4,37.6,264.2,44.3,99.9,45.9,462.7,62.9,68.4,52.9,0.0,40.8,107.9,2014
West Bengal,1782.15,24.8,429.59999999999997,1.45,34.25,0.44999999999999996,342.6,362.90000000000003,28.25,214.45000000000002,2.6999999999999997,43.75,296.95,2014
